[
  {
    "Id": "1470692",
    "ThreadId": "653761",
    "Html": "Hi.\r<br />\n<br />\nI was find peap schema at \r<br />\n<a href=\"https://msdn.microsoft.com/en-us/library/bb891979.aspx\" rel=\"nofollow\">https://msdn.microsoft.com/en-us/library/bb891979.aspx</a>\r<br />\n<br />\nbut never find ttls pap/gtc schema( it used at Window 8.1/ Windows 10)\r<br />\nWhere is it's schema or What is it.\r<br />\nThanks<br />\n",
    "PostedDate": "2016-04-19T19:15:59.45-07:00",
    "UserRole": null,
    "MarkedAsAnswerDate": null
  }
]