[
  {
    "Id": "173887",
    "ThreadId": "51834",
    "Html": "Hi guys i am using windows application VS2005 , Windows XP2 and wireless laptop ... is any thing else required ....<br>\r\n<br>\r\nI am getting this error in following function when i click connect button from my windows application&nbsp; ....at line Wlan.WlanOpenHandle(Wlan.WLAN_CLIENT_VERSION_XP_SP2, IntPtr.Zero, out negotiatedVersion, out clientHandle)); <br>\r\n<br>\r\nI am trying to develope windows application for adhoc network .... <br>\r\n&nbsp;and i am trying to utilize managewifi library ... <br>\r\n<br>\r\nAnd this is the function ..... <br>\r\npublic WlanClient()<br>\r\n&nbsp;&nbsp; &nbsp;&nbsp;&nbsp; &nbsp;{<br>\r\n&nbsp;&nbsp;&nbsp;&nbsp;&nbsp;&nbsp;&nbsp;&nbsp;&nbsp; Wlan.ThrowIfError(<br>\r\n&nbsp;&nbsp; &nbsp;&nbsp;&nbsp; &nbsp;&nbsp;&nbsp; &nbsp;&nbsp;&nbsp; &nbsp;Wlan.WlanOpenHandle(Wlan.WLAN_CLIENT_VERSION_XP_SP2, IntPtr.Zero, out negotiatedVersion, out clientHandle));<br>\r\n<br>\r\nThanks for any help ....\r\n",
    "PostedDate": "2009-03-31T06:26:07.353-07:00",
    "UserRole": null,
    "MarkedAsAnswerDate": null
  },
  {
    "Id": "173952",
    "ThreadId": "51834",
    "Html": "\r\n\r\n<div class=Section1>\r\n\r\n<p class=MsoNormal><span style=\"font-size:11.0pt;font-family:'Calibri','sans-serif';color:#1F497D\">If you are using XP SP2, then you need to install patch from\r\nmicrosoft</span></p>\r\n\r\n<p class=MsoNormal><span style=\"font-size:11.0pt;font-family:'Calibri','sans-serif';color:#1F497D\"> </span></p>\r\n\r\n<div>\r\n\r\n<div style=\"border:none;border-top:solid #B5C4DF 1.0pt;padding:3.0pt 0in 0in 0in\">\r\n\r\n<p class=MsoNormal><b><span style=\"font-size:10.0pt;font-family:'Tahoma','sans-serif'\">From:</span></b><span style=\"font-size:10.0pt;font-family:'Tahoma','sans-serif'\"> alish0610\r\n[mailto:notifications@codeplex.com] <br>\r\n<b>Sent:</b> Tuesday, March 31, 2009 6:26 AM<br>\r\n<b>To:</b> Rajashekar Gunari<br>\r\n<b>Subject:</b> The request is not supported [managedwifi:51834]</span></p>\r\n\r\n</div>\r\n\r\n</div>\r\n\r\n<p class=MsoNormal> </p>\r\n\r\n<p><span style=\"font-size:9.0pt;font-family:'Verdana','sans-serif'\">From:\r\nalish0610</span></p>\r\n\r\n<div style=\"margin-bottom:24.0pt\" id=ThreadNotificationPostBody>\r\n\r\n<p class=MsoNormal><span style=\"font-size:9.0pt;font-family:'Verdana','sans-serif'\">Hi\r\nguys i am using windows application VS2005 and wireless laptop is any thing\r\nelse required ....<br>\r\n<br>\r\nI am getting this error in following function ....at\r\nWlan.WlanOpenHandle(Wlan.WLAN_CLIENT_VERSION_XP_SP2, IntPtr.Zero, out\r\nnegotiatedVersion, out clientHandle)); this line<br>\r\n<br>\r\npublic WlanClient()<br>\r\n        {<br>\r\n          Wlan.ThrowIfError(<br>\r\n              \r\n Wlan.WlanOpenHandle(Wlan.WLAN_CLIENT_VERSION_XP_SP2, IntPtr.Zero, out\r\nnegotiatedVersion, out clientHandle));<br>\r\n<br>\r\nThanks for any help .... </span></p>\r\n\r\n</div>\r\n\r\n<div style=\"border:none;border-top:solid #CCCCCC 1.0pt;padding:0in 0in 0in 0in\" id=ThreadNotificationFooter>\r\n\r\n<p><span style=\"font-size:9.0pt;font-family:'Verdana','sans-serif';color:gray\">Read\r\nthe <a href=\"http://managedwifi.codeplex.com/Thread/View.aspx?ThreadId=51834&ANCHOR#Post173887\">full\r\ndiscussion online</a>.</span></p>\r\n\r\n<p><span style=\"font-size:9.0pt;font-family:'Verdana','sans-serif';color:gray\">To\r\nadd a post to this discussion, reply to this email (<a href=\"mailto:managedwifi@discussions.codeplex.com?subject=[managedwifi:51834]\">managedwifi@discussions.codeplex.com</a>)</span></p>\r\n\r\n<p><span style=\"font-size:9.0pt;font-family:'Verdana','sans-serif';color:gray\">To\r\nstart a new discussion for this project, email <a href=\"mailto:managedwifi@discussions.codeplex.com\">managedwifi@discussions.codeplex.com</a></span></p>\r\n\r\n<p><span style=\"font-size:9.0pt;font-family:'Verdana','sans-serif';color:gray\">You\r\nare receiving this email because you subscribed to this discussion on CodePlex.\r\nYou can <a href=\"http://www.codeplex.com/site/discussions/project/unsubscribe/managedwifi\">unsubscribe\r\nor change your settings</a> on codePlex.com.</span></p>\r\n\r\n<p><span style=\"font-size:9.0pt;font-family:'Verdana','sans-serif';color:gray\">Please\r\nnote: Images and attachments will be removed from emails. Any posts to this\r\ndiscussion will also be available online at codeplex.com</span></p>\r\n\r\n</div>\r\n\r\n</div>\r\n\r\n",
    "PostedDate": "2009-03-31T10:26:34.813-07:00",
    "UserRole": null,
    "MarkedAsAnswerDate": null
  },
  {
    "Id": "174172",
    "ThreadId": "51834",
    "Html": "<blockquote><strong>Intel(R) PRO/Wireless LAN 2100 3B Mini PCI Adapter</strong> this is my laptop wirless config and i am not using key i.e default key setting. <br>\r\n<strong><span style=\"text-decoration:underline\">And and in settings</span></strong>&nbsp; <strong>Networks to access</strong> is <strong>Any available netwrok</strong> option  is set...<br>\r\nis this right or i have set <strong>computer to computer</strong> option<br>\r\n<br>\r\nWhat patch , you mean <strong>API patch</strong> , i installed this <strong>WGAPluginInstall.exe</strong> downloaded from Microsoft <br>\r\nis this right... or some other patch is their .... <br>\r\nthanks for your quick reply...<br>\r\n</blockquote>\r\n",
    "PostedDate": "2009-03-31T21:36:25.27-07:00",
    "UserRole": null,
    "MarkedAsAnswerDate": null
  }
]