[
  {
    "Id": "778682",
    "ThreadId": "326196",
    "Html": "\r\n<p>Does anyone tryed using&nbsp;&nbsp;Managed Wifi API on Metro Style Apps ?</p>\r\n<p>it's apps running on Windows 8...&nbsp;</p>\r\n<p>I'm trying it now. if anyone used it and have some Feedbacks, it would be interesting.</p>\r\n<p>I'll share mine when i'll have some....</p>\r\n<p>&nbsp;</p>\r\n<p>Thanks,</p>\r\n<p>Aviad</p>\r\n",
    "PostedDate": "2012-02-18T23:32:12.747-08:00",
    "UserRole": null,
    "MarkedAsAnswerDate": null
  }
]