[
  {
    "Id": "12073",
    "Title": "Example?",
    "LatestDate": "2008-07-21T23:55:31.423-07:00"
  },
  {
    "Id": "17852",
    "Title": "Retrieve MAC of all access points available  ",
    "LatestDate": "2008-10-03T02:01:12.307-07:00"
  },
  {
    "Id": "18002",
    "Title": "knowing the current network that is connected to..",
    "LatestDate": "2008-10-27T10:34:08.95-07:00"
  },
  {
    "Id": "19172",
    "Title": "How to tell if incorrect password entered for? ",
    "LatestDate": "2008-04-24T10:52:31.02-07:00"
  },
  {
    "Id": "26069",
    "Title": "Win32Exception",
    "LatestDate": "2009-07-17T01:24:22.243-07:00"
  },
  {
    "Id": "27132",
    "Title": "How to get exact RSSI values in dBm?",
    "LatestDate": "2008-07-21T02:51:24.53-07:00"
  },
  {
    "Id": "28841",
    "Title": "Can I use it in Mobile Project? ",
    "LatestDate": "2009-03-28T01:06:00.883-07:00"
  },
  {
    "Id": "32710",
    "Title": "How to get Signal Strenght",
    "LatestDate": "2012-05-13T02:55:05.737-07:00"
  },
  {
    "Id": "34405",
    "Title": "Disconnect??",
    "LatestDate": "2009-04-30T22:15:50.65-07:00"
  },
  {
    "Id": "34648",
    "Title": "connection and documentation",
    "LatestDate": "2008-08-31T22:35:43.663-07:00"
  },
  {
    "Id": "40010",
    "Title": "Supplicant conflict check",
    "LatestDate": "2008-11-15T09:33:18.847-08:00"
  },
  {
    "Id": "42582",
    "Title": "How can i use that for my .Net Visual C++ Project",
    "LatestDate": "2009-02-20T18:24:42.72-08:00"
  },
  {
    "Id": "47352",
    "Title": "pb while connecting without a profile",
    "LatestDate": "2009-02-17T06:02:54.99-08:00"
  },
  {
    "Id": "49832",
    "Title": "How to set an open network profile",
    "LatestDate": "2009-03-12T03:06:26.857-07:00"
  },
  {
    "Id": "50877",
    "Title": "Win32Expection",
    "LatestDate": "2009-04-01T01:31:22.353-07:00"
  },
  {
    "Id": "51834",
    "Title": "The request is not supported",
    "LatestDate": "2009-03-31T21:36:25.27-07:00"
  },
  {
    "Id": "51956",
    "Title": "How to read all the nodes of a perticular network",
    "LatestDate": "2009-04-05T12:03:29.57-07:00"
  },
  {
    "Id": "52319",
    "Title": "i think there is a code could implement the rssi memter",
    "LatestDate": "2009-04-05T04:32:47.457-07:00"
  },
  {
    "Id": "52344",
    "Title": "how to get computers connected on each AP?",
    "LatestDate": "2010-08-07T16:55:57.727-07:00"
  },
  {
    "Id": "53734",
    "Title": "new user",
    "LatestDate": "2009-04-18T13:43:34.977-07:00"
  },
  {
    "Id": "54001",
    "Title": "How to connect to public networks?",
    "LatestDate": "2009-04-21T09:22:53.44-07:00"
  },
  {
    "Id": "57031",
    "Title": "Windows API to detect WiFi in system without using its device name",
    "LatestDate": "2009-05-21T03:46:08.963-07:00"
  },
  {
    "Id": "58283",
    "Title": "Does this API work with non-WZC drivers?",
    "LatestDate": "2009-06-02T21:51:12.687-07:00"
  },
  {
    "Id": "60646",
    "Title": "How to convert Passphrase to Hex",
    "LatestDate": "2009-06-25T06:54:47.31-07:00"
  },
  {
    "Id": "63270",
    "Title": "About Wlan connect",
    "LatestDate": "2010-10-16T17:47:54.583-07:00"
  },
  {
    "Id": "64262",
    "Title": "problem with connection",
    "LatestDate": "2009-08-02T23:56:56.36-07:00"
  },
  {
    "Id": "64349",
    "Title": "InterfaceState.Connected not being set?",
    "LatestDate": "2012-11-26T13:44:11.387-08:00"
  },
  {
    "Id": "64385",
    "Title": "How to turn radio off/on?",
    "LatestDate": "2009-08-04T01:17:14.033-07:00"
  },
  {
    "Id": "74836",
    "Title": "Compact Framework!",
    "LatestDate": "2010-01-10T03:54:42.35-08:00"
  },
  {
    "Id": "75574",
    "Title": "Next release",
    "LatestDate": "2009-11-19T02:06:53.507-08:00"
  },
  {
    "Id": "78050",
    "Title": "Limited or no connectivity",
    "LatestDate": "2011-02-04T01:39:59.513-08:00"
  },
  {
    "Id": "79660",
    "Title": "Events stop firing",
    "LatestDate": "2010-01-04T14:51:58.103-08:00"
  },
  {
    "Id": "80254",
    "Title": "WLAN_CLIENT_VERSION_XP_SP2????",
    "LatestDate": "2010-01-08T21:17:14.3-08:00"
  },
  {
    "Id": "83126",
    "Title": "A unexpected error when I disconnected",
    "LatestDate": "2010-02-04T02:38:05.547-08:00"
  },
  {
    "Id": "206863",
    "Title": "Deep sleep mode",
    "LatestDate": "2012-01-27T12:27:32.197-08:00"
  },
  {
    "Id": "210040",
    "Title": "Problem when running example",
    "LatestDate": "2010-04-24T16:27:49.703-07:00"
  },
  {
    "Id": "210891",
    "Title": "Problm with Mac Address string value ",
    "LatestDate": "2010-10-16T17:25:14.257-07:00"
  },
  {
    "Id": "210963",
    "Title": "Connecting without using Profile",
    "LatestDate": "2016-10-08T14:31:20.363-07:00"
  },
  {
    "Id": "212178",
    "Title": "Wlan Profile KeyMaterial not getting decrypted using DPAPI",
    "LatestDate": "2011-08-14T01:57:16.567-07:00"
  },
  {
    "Id": "215183",
    "Title": "Excahange of data between 2 mobiles using wi fi ",
    "LatestDate": "2010-06-07T05:24:50.627-07:00"
  },
  {
    "Id": "222098",
    "Title": "A synchronous scan",
    "LatestDate": "2010-07-31T23:25:49.557-07:00"
  },
  {
    "Id": "222976",
    "Title": "Example won't run......",
    "LatestDate": "2011-07-08T02:55:01.403-07:00"
  },
  {
    "Id": "223001",
    "Title": "Element not found",
    "LatestDate": "2010-08-09T19:00:59.393-07:00"
  },
  {
    "Id": "223482",
    "Title": "Signal strenght in dbm",
    "LatestDate": "2010-09-07T12:06:23.09-07:00"
  },
  {
    "Id": "227202",
    "Title": "manage wifi api connect failed",
    "LatestDate": "2011-07-08T03:11:57.73-07:00"
  },
  {
    "Id": "227218",
    "Title": "How to get router's mac address to set up the connection?",
    "LatestDate": "2010-09-14T14:38:07.707-07:00"
  },
  {
    "Id": "230873",
    "Title": "How to use function : GetStringForReasonCode ??",
    "LatestDate": "2012-07-18T04:31:18.893-07:00"
  },
  {
    "Id": "230960",
    "Title": "Catch attempted connection event problem",
    "LatestDate": "2010-10-14T13:26:42.607-07:00"
  },
  {
    "Id": "234958",
    "Title": "Enumerate all wireless networks, hidden and visible",
    "LatestDate": "2010-11-16T16:47:01.007-08:00"
  },
  {
    "Id": "240519",
    "Title": "Access Point Name (Wireless Device Name)",
    "LatestDate": "2011-01-04T22:25:41.193-08:00"
  },
  {
    "Id": "240959",
    "Title": "Find mixed wifi from PHY type.",
    "LatestDate": "2011-01-08T07:54:43.103-08:00"
  },
  {
    "Id": "245229",
    "Title": "detect the mac network",
    "LatestDate": "2011-02-08T23:23:56.28-08:00"
  },
  {
    "Id": "256201",
    "Title": "HELP, Update Rssi -Several APs",
    "LatestDate": "2011-05-03T13:30:50.127-07:00"
  },
  {
    "Id": "258279",
    "Title": "How to force Windows manage the Wifi network instead of 3rd Party",
    "LatestDate": "2011-05-19T10:08:30.68-07:00"
  },
  {
    "Id": "264406",
    "Title": "AdHoc Networks supported?",
    "LatestDate": "2013-12-19T04:00:39.587-08:00"
  },
  {
    "Id": "264448",
    "Title": "Connecting to a known SSID without WEP ",
    "LatestDate": "2011-07-08T09:51:46.07-07:00"
  },
  {
    "Id": "270481",
    "Title": "WIFI API scan and connect",
    "LatestDate": "2011-08-25T23:42:02.453-07:00"
  },
  {
    "Id": "326196",
    "Title": "Using Managed Wifi API on Metro Style Apps (Windows 8)",
    "LatestDate": "2012-02-18T23:32:12.747-08:00"
  },
  {
    "Id": "349552",
    "Title": "Every Time \" The network connection file is corrupted\" error",
    "LatestDate": "2012-03-23T14:45:52.31-07:00"
  },
  {
    "Id": "350756",
    "Title": "How to connect",
    "LatestDate": "2012-03-31T13:32:19.54-07:00"
  },
  {
    "Id": "351066",
    "Title": "Wireless Hosted Network",
    "LatestDate": "2012-04-03T13:00:56.12-07:00"
  },
  {
    "Id": "352493",
    "Title": "Location of Adhoc.idl",
    "LatestDate": "2012-04-16T15:48:03.567-07:00"
  },
  {
    "Id": "354390",
    "Title": "How to find the hosts",
    "LatestDate": "2012-05-03T05:30:39.1-07:00"
  },
  {
    "Id": "355944",
    "Title": "How do you specify custom user data?",
    "LatestDate": "2012-05-15T21:07:49.51-07:00"
  },
  {
    "Id": "356920",
    "Title": "Connect to a new WLAN?",
    "LatestDate": "2012-05-23T20:46:01.193-07:00"
  },
  {
    "Id": "357419",
    "Title": "Win32 error",
    "LatestDate": "2012-06-04T19:05:10.127-07:00"
  },
  {
    "Id": "360084",
    "Title": "windows service",
    "LatestDate": "2012-06-18T22:45:14.017-07:00"
  },
  {
    "Id": "361924",
    "Title": "I cannot find the Structures",
    "LatestDate": "2012-07-04T03:14:52.293-07:00"
  },
  {
    "Id": "387913",
    "Title": "Connect to WPA networks",
    "LatestDate": "2012-08-01T03:12:28.827-07:00"
  },
  {
    "Id": "389629",
    "Title": "Latest version 41381",
    "LatestDate": "2012-10-19T11:18:25.1-07:00"
  },
  {
    "Id": "390145",
    "Title": "implement callback from native api",
    "LatestDate": "2012-08-03T05:27:37.477-07:00"
  },
  {
    "Id": "392589",
    "Title": "Central frequency",
    "LatestDate": "2012-08-22T03:32:54.477-07:00"
  },
  {
    "Id": "394950",
    "Title": "ERROR - Post for another project",
    "LatestDate": "2012-09-10T01:08:32.02-07:00"
  },
  {
    "Id": "397849",
    "Title": "Compiling Error",
    "LatestDate": "2012-10-03T02:22:29.63-07:00"
  },
  {
    "Id": "398107",
    "Title": "How can i check connection status? ",
    "LatestDate": "2016-06-09T16:03:11.62-07:00"
  },
  {
    "Id": "400483",
    "Title": "Nevermind",
    "LatestDate": "2012-10-23T08:50:26.24-07:00"
  },
  {
    "Id": "403857",
    "Title": "Recieving System.DllNotFoundException When Trying To Instantiate WlanClient",
    "LatestDate": "2015-04-29T23:17:09.64-07:00"
  },
  {
    "Id": "404651",
    "Title": "The network connection profile is corrupted",
    "LatestDate": "2013-04-09T04:19:55.193-07:00"
  },
  {
    "Id": "429726",
    "Title": "WlanConnectionNotification doesn't get fired occasionally",
    "LatestDate": "2013-01-16T08:59:44.793-08:00"
  },
  {
    "Id": "430755",
    "Title": "After reboot, couldnot connect to hidden WiFi Network, why?",
    "LatestDate": "2013-01-24T09:14:11.223-08:00"
  },
  {
    "Id": "430791",
    "Title": "How set \"Connect even if the network is not broadcasting its name (SSID)\" profile properties?",
    "LatestDate": "2013-01-24T13:43:23.27-08:00"
  },
  {
    "Id": "431933",
    "Title": "Find the MAC of current AP",
    "LatestDate": "2013-03-04T10:08:23.56-08:00"
  },
  {
    "Id": "435113",
    "Title": "Qos and WPS",
    "LatestDate": "2013-03-02T05:00:42.083-08:00"
  },
  {
    "Id": "440917",
    "Title": "How to get accesspoint IP address?",
    "LatestDate": "2015-02-14T15:07:47.503-08:00"
  },
  {
    "Id": "448686",
    "Title": "Get Wifi devices connected to a particular wlan",
    "LatestDate": "2013-07-01T02:22:55.1-07:00"
  },
  {
    "Id": "449529",
    "Title": "Found a way to disconnect from wlan, using win7",
    "LatestDate": "2015-02-22T19:28:45.013-08:00"
  },
  {
    "Id": "449887",
    "Title": "How to retrieve beacons data",
    "LatestDate": "2013-07-29T22:09:53.057-07:00"
  },
  {
    "Id": "450143",
    "Title": "Getting profile name from interface",
    "LatestDate": "2013-09-03T01:51:36.733-07:00"
  },
  {
    "Id": "451202",
    "Title": "my wlan is close,how can i use the api to ture on the wlan?",
    "LatestDate": "2013-07-25T07:17:32.86-07:00"
  },
  {
    "Id": "451776",
    "Title": "Bad Authentication",
    "LatestDate": "2013-07-29T10:13:43.86-07:00"
  },
  {
    "Id": "455250",
    "Title": "C#: Problem with ManagedWiFi",
    "LatestDate": "2013-09-03T03:53:39.19-07:00"
  },
  {
    "Id": "465200",
    "Title": "Duplicate networks when using wlanIface.GetAvailableNetworkList(0)",
    "LatestDate": "2015-02-16T17:12:19.033-08:00"
  },
  {
    "Id": "465350",
    "Title": "How do I relate dot11DefaultAuthAlgorithm in WlanAvailableNetwork to the profile I should use to connect",
    "LatestDate": "2013-11-04T16:38:00.147-08:00"
  },
  {
    "Id": "471007",
    "Title": "Does this work in windows 8",
    "LatestDate": "2014-02-20T10:35:36.413-08:00"
  },
  {
    "Id": "474690",
    "Title": "It is possible to create a WLan with this library?",
    "LatestDate": "2013-12-18T13:52:36.723-08:00"
  },
  {
    "Id": "476823",
    "Title": "Managed Wifi API for Ms Access",
    "LatestDate": "2013-12-21T16:24:58.12-08:00"
  },
  {
    "Id": "533181",
    "Title": "Things I've learned about this library when calling Connect",
    "LatestDate": "2015-12-16T14:55:53.85-08:00"
  },
  {
    "Id": "539556",
    "Title": "How Can I get Stealth Wifi AP Information",
    "LatestDate": "2014-03-19T23:11:55.117-07:00"
  },
  {
    "Id": "540134",
    "Title": "Virtual Adapter signal strength?",
    "LatestDate": "2014-03-25T14:04:54.687-07:00"
  },
  {
    "Id": "541090",
    "Title": "I am not able to get a WPA SSID list.",
    "LatestDate": "2014-04-03T11:16:21.34-07:00"
  },
  {
    "Id": "546737",
    "Title": "Network Information MAC / SSID",
    "LatestDate": "2014-05-27T13:33:41.34-07:00"
  },
  {
    "Id": "554174",
    "Title": "cannot open managedwifi example ",
    "LatestDate": "2014-07-25T09:43:53.73-07:00"
  },
  {
    "Id": "567171",
    "Title": "Get SSID of active wireless connection",
    "LatestDate": "2014-09-11T13:09:17.113-07:00"
  },
  {
    "Id": "627051",
    "Title": "How do i get password of a saved network profile",
    "LatestDate": "2015-04-14T01:51:01.61-07:00"
  },
  {
    "Id": "646407",
    "Title": "Connect to WiFi",
    "LatestDate": "2015-10-20T03:17:03.313-07:00"
  },
  {
    "Id": "646835",
    "Title": "WlanSetProfileEapXmlUserData - The network connection profile is corrupted ",
    "LatestDate": "2015-10-30T08:18:41.01-07:00"
  },
  {
    "Id": "649480",
    "Title": "Get available WiFi network list doesn't show new networks unless I open the Windows network list",
    "LatestDate": "2017-02-06T20:28:27.2-08:00"
  },
  {
    "Id": "653761",
    "Title": "sample request of the ttls-pap legacy schema.",
    "LatestDate": "2016-04-19T19:15:59.45-07:00"
  },
  {
    "Id": "655257",
    "Title": "Network mode, Network type, Frequency ",
    "LatestDate": "2016-06-05T12:51:44.92-07:00"
  },
  {
    "Id": "656511",
    "Title": "Channel width and channel Band in Mnaged Wifi",
    "LatestDate": "2016-07-18T04:03:17.74-07:00"
  },
  {
    "Id": "658336",
    "Title": "WlanReasonCodeToString buffer size",
    "LatestDate": "2016-09-28T10:30:06.863-07:00"
  },
  {
    "Id": "663672",
    "Title": "Trying to connect to WPA2-PSK, System.ArgumentException: 'Type 'NativeWifi.Wlan+WlanReasonCode' cannot be marshaled as an unmanaged structure; no meaningful size or offset can be computed.'",
    "LatestDate": "2017-08-28T21:00:56.077-07:00"
  }
]