[
  {
    "Id": "275049",
    "ThreadId": "80254",
    "Html": "<p>Hi,</p>\r\n<p>I've been in an auto accident. I am looking for a definitions file with <span style=\"color:#333333\">WLAN_CLIENT_VERSION_XP_SP2 in it. If this is a definition you know of, including any Windows 7 updates for it, I would be ever so appreciative if you'd let me know at rmctwo at gmail.com. The preceding was an email address.</span></p>\r\n<p><span style=\"color:#333333\">Renee </span></p>",
    "PostedDate": "2010-01-08T21:17:14.3-08:00",
    "UserRole": null,
    "MarkedAsAnswerDate": null
  }
]