[
  {
    "Id": "170504",
    "ThreadId": "50877",
    "Html": "Hi<div><br></div><div>I tried running the example on a Vista gold and I get a Win32Exception &quot;The request is not supported&quot; when executing this function</div><div><div>Wlan.ThrowIfError(Wlan.WlanGetAvailableNetworkList(client.clientHandle, info.interfaceGuid, flags, IntPtr.Zero, out availNetListPtr));</div><div><br></div><div>What's wrong here or how can i solve this error?</div><div><br></div><div>Thanks for your help appreciated</div></div>",
    "PostedDate": "2009-03-22T02:03:49.41-07:00",
    "UserRole": null,
    "MarkedAsAnswerDate": null
  },
  {
    "Id": "173638",
    "ThreadId": "50877",
    "Html": "So any ideas on why this is happening?",
    "PostedDate": "2009-03-30T14:17:44.033-07:00",
    "UserRole": null,
    "MarkedAsAnswerDate": null
  },
  {
    "Id": "173948",
    "ThreadId": "50877",
    "Html": "\r\n\r\n<div class=Section1>\r\n\r\n<p class=MsoNormal><span style=\"font-size:11.0pt;font-family:'Calibri','sans-serif';color:#1F497D\">Hi mrabie,</span></p>\r\n\r\n<p class=MsoNormal><span style=\"font-size:11.0pt;font-family:'Calibri','sans-serif';color:#1F497D\">You have to call the function in the following way. This is\r\nworking code and you can try it.</span></p>\r\n\r\n<p class=MsoNormal><span style=\"font-size:11.0pt;font-family:'Calibri','sans-serif';color:#1F497D\"> </span></p>\r\n\r\n<p class=MsoNormal><span style=\"font-size:11.0pt;font-family:'Calibri','sans-serif';color:#1F497D\"> </span></p>\r\n\r\n<p class=MsoNormal style=\"text-autospace:none\"><span style=\"font-size:10.0pt;font-family:'Courier New'\">Wlan.WlanAvailableNetwork[] availableList;</span></p>\r\n\r\n<p class=MsoNormal style=\"text-autospace:none\"><span style=\"font-size:10.0pt;font-family:'Courier New'\">            Wlan.WlanInterface _adapter;</span></p>\r\n\r\n<p class=MsoNormal style=\"text-autospace:none\"><span style=\"font-size:10.0pt;font-family:'Courier New'\"> </span></p>\r\n\r\n<p class=MsoNormal style=\"text-autospace:none\"><span style=\"font-size:10.0pt;font-family:'Courier New'\">            WlanClient _wlanClient = <span style=\"color:blue\">new</span> WlanClient();</span></p>\r\n\r\n<p class=MsoNormal style=\"text-autospace:none\"><span style=\"font-size:10.0pt;font-family:'Courier New'\">            <span style=\"color:blue\">if</span>\r\n(_wlanClient.Interfaces.GetLength(0) &gt; 0)</span></p>\r\n\r\n<p class=MsoNormal style=\"text-autospace:none\"><span style=\"font-size:10.0pt;font-family:'Courier New'\">            {</span></p>\r\n\r\n<p class=MsoNormal style=\"text-autospace:none\"><span style=\"font-size:10.0pt;font-family:'Courier New'\">                <span style=\"color:blue\">foreach</span>\r\n(WlanClient.WlanInterface Interface <span style=\"color:blue\">in</span>\r\n_wlanClient.Interfaces)</span></p>\r\n\r\n<p class=MsoNormal style=\"text-autospace:none\"><span style=\"font-size:10.0pt;font-family:'Courier New'\">                {</span></p>\r\n\r\n<p class=MsoNormal style=\"text-autospace:none\"><span style=\"font-size:10.0pt;font-family:'Courier New'\">                    _adapter = Interface; // if you\r\nmore than one wifi card, then you need to check te required one for scanning. </span></p>\r\n\r\n<p class=MsoNormal style=\"text-autospace:none\"><span style=\"font-size:10.0pt;font-family:'Courier New'\">                    <span style=\"color:blue\">break</span>;</span></p>\r\n\r\n<p class=MsoNormal style=\"text-autospace:none\"><span style=\"font-size:10.0pt;font-family:'Courier New'\"> </span></p>\r\n\r\n<p class=MsoNormal style=\"text-autospace:none\"><span style=\"font-size:10.0pt;font-family:'Courier New'\">                }</span></p>\r\n\r\n<p class=MsoNormal style=\"text-autospace:none\"><span style=\"font-size:10.0pt;font-family:'Courier New'\">            }</span></p>\r\n\r\n<p class=MsoNormal style=\"text-autospace:none\"><span style=\"font-size:10.0pt;font-family:'Courier New'\">            </span></p>\r\n\r\n<p class=MsoNormal style=\"text-autospace:none\"><span style=\"font-size:10.0pt;font-family:'Courier New'\"> </span></p>\r\n\r\n<p class=MsoNormal style=\"text-autospace:none\"><span style=\"font-size:10.0pt;font-family:'Courier New'\">            availableList =\r\n_adapter.GetAvailableNetworkList(Wlan.WlanGetAvailableNetworkFlags.IncludeAllAdhocProfiles);</span></p>\r\n\r\n<p class=MsoNormal><span style=\"font-size:11.0pt;font-family:'Calibri','sans-serif';color:#1F497D\"> </span></p>\r\n\r\n<p class=MsoNormal><span style=\"font-size:11.0pt;font-family:'Calibri','sans-serif';color:#1F497D\"> </span></p>\r\n\r\n<p class=MsoNormal><span style=\"font-size:11.0pt;font-family:'Calibri','sans-serif';color:#1F497D\"> </span></p>\r\n\r\n<p class=MsoNormal><span style=\"font-size:11.0pt;font-family:'Calibri','sans-serif';color:#1F497D\">-Raj</span></p>\r\n\r\n<p class=MsoNormal><span style=\"font-size:11.0pt;font-family:'Calibri','sans-serif';color:#1F497D\"> </span></p>\r\n\r\n<div>\r\n\r\n<div style=\"border:none;border-top:solid #B5C4DF 1.0pt;padding:3.0pt 0in 0in 0in\">\r\n\r\n<p class=MsoNormal><b><span style=\"font-size:10.0pt;font-family:'Tahoma','sans-serif'\">From:</span></b><span style=\"font-size:10.0pt;font-family:'Tahoma','sans-serif'\"> mrabie\r\n[mailto:notifications@codeplex.com] <br>\r\n<b>Sent:</b> Monday, March 30, 2009 2:18 PM<br>\r\n<b>To:</b> Rajashekar Gunari<br>\r\n<b>Subject:</b> Re: Win32Expection [managedwifi:50877]</span></p>\r\n\r\n</div>\r\n\r\n</div>\r\n\r\n<p class=MsoNormal> </p>\r\n\r\n<p><span style=\"font-size:9.0pt;font-family:'Verdana','sans-serif'\">From:\r\nmrabie</span></p>\r\n\r\n<div style=\"margin-bottom:24.0pt\" id=ThreadNotificationPostBody>\r\n\r\n<p class=MsoNormal><span style=\"font-size:9.0pt;font-family:'Verdana','sans-serif'\">So\r\nany ideas on why this is happening?</span></p>\r\n\r\n</div>\r\n\r\n<div style=\"border:none;border-top:solid #CCCCCC 1.0pt;padding:0in 0in 0in 0in\" id=ThreadNotificationFooter>\r\n\r\n<p><span style=\"font-size:9.0pt;font-family:'Verdana','sans-serif';color:gray\">Read\r\nthe <a href=\"http://managedwifi.codeplex.com/Thread/View.aspx?ThreadId=50877&ANCHOR#Post173638\">full\r\ndiscussion online</a>.</span></p>\r\n\r\n<p><span style=\"font-size:9.0pt;font-family:'Verdana','sans-serif';color:gray\">To\r\nadd a post to this discussion, reply to this email (<a href=\"mailto:managedwifi@discussions.codeplex.com?subject=[managedwifi:50877]\">managedwifi@discussions.codeplex.com</a>)</span></p>\r\n\r\n<p><span style=\"font-size:9.0pt;font-family:'Verdana','sans-serif';color:gray\">To\r\nstart a new discussion for this project, email <a href=\"mailto:managedwifi@discussions.codeplex.com\">managedwifi@discussions.codeplex.com</a></span></p>\r\n\r\n<p><span style=\"font-size:9.0pt;font-family:'Verdana','sans-serif';color:gray\">You\r\nare receiving this email because you subscribed to this discussion on CodePlex.\r\nYou can <a href=\"http://www.codeplex.com/site/discussions/project/unsubscribe/managedwifi\">unsubscribe\r\nor change your settings</a> on codePlex.com.</span></p>\r\n\r\n<p><span style=\"font-size:9.0pt;font-family:'Verdana','sans-serif';color:gray\">Please\r\nnote: Images and attachments will be removed from emails. Any posts to this\r\ndiscussion will also be available online at codeplex.com</span></p>\r\n\r\n</div>\r\n\r\n</div>\r\n\r\n",
    "PostedDate": "2009-03-31T10:17:15.073-07:00",
    "UserRole": null,
    "MarkedAsAnswerDate": null
  },
  {
    "Id": "173981",
    "ThreadId": "50877",
    "Html": "Hi,<div><br></div><div>Thanks Raj for the reply.  But </div><div><span style=\"color:rgb(48, 51, 45);font-family:'courier new';font-size:13px\">Wlan.WlanInterface _adapter;</span><br></div><div><span style=\"color:rgb(48, 51, 45);font-family:'courier new';font-size:13px\">gives </span></div><div><span style=\"color:rgb(48, 51, 45);font-family:'courier new';font-size:13px\"><div>Error<span style=\"white-space:pre\">\t</span>1<span style=\"white-space:pre\">\t</span>The type name 'WlanInterface' does not exist in the type 'NativeWifi.Wlan'<span style=\"white-space:pre\">\t</span>C:\\Users\\mrabie\\Documents\\Downloads\\WPF\\managedwifi-17201\\WlanApi.cs<span style=\"white-space:pre\">\t</span>278<span style=\"white-space:pre\">\t</span>22<span style=\"white-space:pre\">\t</span>ManagedWifi</div><div><br></div><div>is this statement correct, or do i use </div><div>WlanClient.WlanInterface _adapter;<br></div><div><br></div><div>also </div><div>availableList = _adapter.GetAvailableNetworkList(Wlan.WlanGetAvailableNetworkFlags.IncludeAllAdhocProfiles); <br></div><div>gives </div><div>Error<span style=\"white-space:pre\">\t</span>2<span style=\"white-space:pre\">\t</span>Use of unassigned local variable '_adapter'<span style=\"white-space:pre\">\t</span>C:\\Users\\mrabie\\Documents\\Downloads\\WPF\\managedwifi-17201\\WlanApi.cs<span style=\"white-space:pre\">\t</span>300<span style=\"white-space:pre\">\t</span>33<span style=\"white-space:pre\">\t</span>ManagedWifi</div><div>since it's initialized in the if statement.</div><div><br></div><div>Thanks for your help</div><div>Mustafa</div><div><br></div></span></div>",
    "PostedDate": "2009-03-31T11:09:56.957-07:00",
    "UserRole": null,
    "MarkedAsAnswerDate": null
  },
  {
    "Id": "173988",
    "ThreadId": "50877",
    "Html": "\r\n\r\n<div class=Section1>\r\n\r\n<p class=MsoNormal><span style=\"font-size:11.0pt;font-family:'Calibri','sans-serif';color:#1F497D\">Try the following code</span></p>\r\n\r\n<p class=MsoNormal><span style=\"font-size:11.0pt;font-family:'Calibri','sans-serif';color:#1F497D\"> </span></p>\r\n\r\n<p class=MsoNormal style=\"text-autospace:none\"><span style=\"font-size:10.0pt;font-family:'Courier New';color:blue\">void</span><span style=\"font-size:10.0pt;font-family:'Courier New'\"> GetNetworks()</span></p>\r\n\r\n<p class=MsoNormal style=\"text-autospace:none\"><span style=\"font-size:10.0pt;font-family:'Courier New'\">        {</span></p>\r\n\r\n<p class=MsoNormal style=\"text-autospace:none\"><span style=\"font-size:10.0pt;font-family:'Courier New'\">            <span style=\"color:#2B91AF\">Wlan</span>.<span style=\"color:#2B91AF\">WlanAvailableNetwork</span>[] availableList;</span></p>\r\n\r\n<p class=MsoNormal style=\"text-autospace:none\"><span style=\"font-size:10.0pt;font-family:'Courier New'\">            <span style=\"color:#2B91AF\">WlanClient</span>.<span style=\"color:#2B91AF\">WlanInterface</span> _adapter = <span style=\"color:blue\">null</span>;</span></p>\r\n\r\n<p class=MsoNormal style=\"text-autospace:none\"><span style=\"font-size:10.0pt;font-family:'Courier New'\">            <span style=\"color:#2B91AF\">WlanClient</span>\r\n_wlanClient = <span style=\"color:blue\">new</span> <span style=\"color:#2B91AF\">WlanClient</span>();</span></p>\r\n\r\n<p class=MsoNormal style=\"text-autospace:none\"><span style=\"font-size:10.0pt;font-family:'Courier New'\">            <span style=\"color:blue\">if</span>\r\n(_wlanClient.Interfaces.GetLength(0) &gt; 0)</span></p>\r\n\r\n<p class=MsoNormal style=\"text-autospace:none\"><span style=\"font-size:10.0pt;font-family:'Courier New'\">            {</span></p>\r\n\r\n<p class=MsoNormal style=\"text-autospace:none\"><span style=\"font-size:10.0pt;font-family:'Courier New'\">                <span style=\"color:blue\">foreach</span>\r\n(<span style=\"color:#2B91AF\">WlanClient</span>.<span style=\"color:#2B91AF\">WlanInterface</span>\r\nInterface <span style=\"color:blue\">in</span> _wlanClient.Interfaces)</span></p>\r\n\r\n<p class=MsoNormal style=\"text-autospace:none\"><span style=\"font-size:10.0pt;font-family:'Courier New'\">                {</span></p>\r\n\r\n<p class=MsoNormal style=\"text-autospace:none\"><span style=\"font-size:10.0pt;font-family:'Courier New'\">                    _adapter = Interface; <span style=\"color:green\">// if you more than one wifi card, then you need to check\r\nte required one for scanning. </span></span></p>\r\n\r\n<p class=MsoNormal style=\"text-autospace:none\"><span style=\"font-size:10.0pt;font-family:'Courier New'\">                    <span style=\"color:blue\">break</span>;</span></p>\r\n\r\n<p class=MsoNormal style=\"text-autospace:none\"><span style=\"font-size:10.0pt;font-family:'Courier New'\"> </span></p>\r\n\r\n<p class=MsoNormal style=\"text-autospace:none\"><span style=\"font-size:10.0pt;font-family:'Courier New'\">                }</span></p>\r\n\r\n<p class=MsoNormal style=\"text-autospace:none\"><span style=\"font-size:10.0pt;font-family:'Courier New'\">            }</span></p>\r\n\r\n<p class=MsoNormal style=\"text-autospace:none\"><span style=\"font-size:10.0pt;font-family:'Courier New'\"> </span></p>\r\n\r\n<p class=MsoNormal style=\"text-autospace:none\"><span style=\"font-size:10.0pt;font-family:'Courier New'\">            availableList = _adapter.GetAvailableNetworkList(<span style=\"color:#2B91AF\">Wlan</span>.<span style=\"color:#2B91AF\">WlanGetAvailableNetworkFlags</span>.IncludeAllAdhocProfiles);</span></p>\r\n\r\n<p class=MsoNormal style=\"text-autospace:none\"><span style=\"font-size:10.0pt;font-family:'Courier New'\"> </span></p>\r\n\r\n<p class=MsoNormal style=\"text-autospace:none\"><span style=\"font-size:10.0pt;font-family:'Courier New'\"> </span></p>\r\n\r\n<p class=MsoNormal><span style=\"font-size:10.0pt;font-family:'Courier New'\">       \r\n}</span><span style=\"font-size:11.0pt;font-family:'Calibri','sans-serif';color:#1F497D\"></span></p>\r\n\r\n<p class=MsoNormal><span style=\"font-size:11.0pt;font-family:'Calibri','sans-serif';color:#1F497D\"> </span></p>\r\n\r\n<div>\r\n\r\n<div style=\"border:none;border-top:solid #B5C4DF 1.0pt;padding:3.0pt 0in 0in 0in\">\r\n\r\n<p class=MsoNormal><b><span style=\"font-size:10.0pt;font-family:'Tahoma','sans-serif'\">From:</span></b><span style=\"font-size:10.0pt;font-family:'Tahoma','sans-serif'\"> mrabie\r\n[mailto:notifications@codeplex.com] <br>\r\n<b>Sent:</b> Tuesday, March 31, 2009 11:10 AM<br>\r\n<b>To:</b> Rajashekar Gunari<br>\r\n<b>Subject:</b> Re: Win32Expection [managedwifi:50877]</span></p>\r\n\r\n</div>\r\n\r\n</div>\r\n\r\n<p class=MsoNormal> </p>\r\n\r\n<p><span style=\"font-size:9.0pt;font-family:'Verdana','sans-serif'\">From:\r\nmrabie</span></p>\r\n\r\n<div style=\"margin-bottom:24.0pt\" id=ThreadNotificationPostBody>\r\n\r\n<p class=MsoNormal><span style=\"font-size:9.0pt;font-family:'Verdana','sans-serif'\">Hi,</span></p>\r\n\r\n<div>\r\n\r\n<p class=MsoNormal><span style=\"font-size:9.0pt;font-family:'Verdana','sans-serif'\"> </span></p>\r\n\r\n</div>\r\n\r\n<div>\r\n\r\n<p class=MsoNormal><span style=\"font-size:9.0pt;font-family:'Verdana','sans-serif'\">Thanks\r\nRaj for the reply.  But </span></p>\r\n\r\n</div>\r\n\r\n<div>\r\n\r\n<p class=MsoNormal><span style=\"font-size:10.0pt;font-family:'Courier New';color:#30332D\">Wlan.WlanInterface _adapter;</span><span style=\"font-size:9.0pt;font-family:'Verdana','sans-serif'\"></span></p>\r\n\r\n</div>\r\n\r\n<div>\r\n\r\n<p class=MsoNormal><span style=\"font-size:10.0pt;font-family:'Courier New';color:#30332D\">gives </span><span style=\"font-size:9.0pt;font-family:'Verdana','sans-serif'\"></span></p>\r\n\r\n</div>\r\n\r\n<div>\r\n\r\n<div>\r\n\r\n<p class=MsoNormal><span style=\"font-size:10.0pt;font-family:'Courier New';color:#30332D\">Error 1     The type name 'WlanInterface' does not exist in the\r\ntype 'NativeWifi.Wlan'      C:\\Users\\mrabie\\Documents\\Downloads\\WPF\\managedwifi-17201\\WlanApi.cs    278   22      ManagedWifi</span></p>\r\n\r\n</div>\r\n\r\n<div>\r\n\r\n<p class=MsoNormal><span style=\"font-size:10.0pt;font-family:'Courier New';color:#30332D\"> </span></p>\r\n\r\n</div>\r\n\r\n<div>\r\n\r\n<p class=MsoNormal><span style=\"font-size:10.0pt;font-family:'Courier New';color:#30332D\">is this statement correct, or do i use </span></p>\r\n\r\n</div>\r\n\r\n<div>\r\n\r\n<p class=MsoNormal><span style=\"font-size:10.0pt;font-family:'Courier New';color:#30332D\">WlanClient.WlanInterface _adapter;</span></p>\r\n\r\n</div>\r\n\r\n<div>\r\n\r\n<p class=MsoNormal><span style=\"font-size:10.0pt;font-family:'Courier New';color:#30332D\"> </span></p>\r\n\r\n</div>\r\n\r\n<div>\r\n\r\n<p class=MsoNormal><span style=\"font-size:10.0pt;font-family:'Courier New';color:#30332D\">also </span></p>\r\n\r\n</div>\r\n\r\n<div>\r\n\r\n<p class=MsoNormal><span style=\"font-size:10.0pt;font-family:'Courier New';color:#30332D\">availableList =\r\n_adapter.GetAvailableNetworkList(Wlan.WlanGetAvailableNetworkFlags.IncludeAllAdhocProfiles); </span></p>\r\n\r\n</div>\r\n\r\n<div>\r\n\r\n<p class=MsoNormal><span style=\"font-size:10.0pt;font-family:'Courier New';color:#30332D\">gives </span></p>\r\n\r\n</div>\r\n\r\n<div>\r\n\r\n<p class=MsoNormal><span style=\"font-size:10.0pt;font-family:'Courier New';color:#30332D\">Error 2     Use of unassigned local variable '_adapter'      C:\\Users\\mrabie\\Documents\\Downloads\\WPF\\managedwifi-17201\\WlanApi.cs    300   33      ManagedWifi</span></p>\r\n\r\n</div>\r\n\r\n<div>\r\n\r\n<p class=MsoNormal><span style=\"font-size:10.0pt;font-family:'Courier New';color:#30332D\">since it's initialized in the if statement.</span></p>\r\n\r\n</div>\r\n\r\n<div>\r\n\r\n<p class=MsoNormal><span style=\"font-size:10.0pt;font-family:'Courier New';color:#30332D\"> </span></p>\r\n\r\n</div>\r\n\r\n<div>\r\n\r\n<p class=MsoNormal><span style=\"font-size:10.0pt;font-family:'Courier New';color:#30332D\">Thanks for your help</span></p>\r\n\r\n</div>\r\n\r\n<div>\r\n\r\n<p class=MsoNormal><span style=\"font-size:10.0pt;font-family:'Courier New';color:#30332D\">Mustafa</span></p>\r\n\r\n</div>\r\n\r\n<div>\r\n\r\n<p class=MsoNormal><span style=\"font-size:10.0pt;font-family:'Courier New';color:#30332D\"> </span></p>\r\n\r\n</div>\r\n\r\n</div>\r\n\r\n</div>\r\n\r\n<div style=\"border:none;border-top:solid #CCCCCC 1.0pt;padding:0in 0in 0in 0in\" id=ThreadNotificationFooter>\r\n\r\n<p><span style=\"font-size:9.0pt;font-family:'Verdana','sans-serif';color:gray\">Read\r\nthe <a href=\"http://managedwifi.codeplex.com/Thread/View.aspx?ThreadId=50877&ANCHOR#Post173981\">full\r\ndiscussion online</a>.</span></p>\r\n\r\n<p><span style=\"font-size:9.0pt;font-family:'Verdana','sans-serif';color:gray\">To\r\nadd a post to this discussion, reply to this email (<a href=\"mailto:managedwifi@discussions.codeplex.com?subject=[managedwifi:50877]\">managedwifi@discussions.codeplex.com</a>)</span></p>\r\n\r\n<p><span style=\"font-size:9.0pt;font-family:'Verdana','sans-serif';color:gray\">To\r\nstart a new discussion for this project, email <a href=\"mailto:managedwifi@discussions.codeplex.com\">managedwifi@discussions.codeplex.com</a></span></p>\r\n\r\n<p><span style=\"font-size:9.0pt;font-family:'Verdana','sans-serif';color:gray\">You\r\nare receiving this email because you subscribed to this discussion on CodePlex.\r\nYou can <a href=\"http://www.codeplex.com/site/discussions/project/unsubscribe/managedwifi\">unsubscribe\r\nor change your settings</a> on codePlex.com.</span></p>\r\n\r\n<p><span style=\"font-size:9.0pt;font-family:'Verdana','sans-serif';color:gray\">Please\r\nnote: Images and attachments will be removed from emails. Any posts to this\r\ndiscussion will also be available online at codeplex.com</span></p>\r\n\r\n</div>\r\n\r\n</div>\r\n\r\n",
    "PostedDate": "2009-03-31T11:19:54.91-07:00",
    "UserRole": null,
    "MarkedAsAnswerDate": null
  },
  {
    "Id": "174000",
    "ThreadId": "50877",
    "Html": "thanks agin for the prompt reply,<div><br></div><div>I tried the code segment you provided but i still get the same error &quot;not supported&quot;, in the WlanApi.cs</div><div><br></div><div>In the WlanClient() i changed it to </div><div>Wlan.ThrowIfError(Wlan.WlanOpenHandle(Wlan.WLAN_CLIENT_VERSION_LONGHORN, IntPtr.Zero, out negotiatedVersion, out clientHandle));<br></div><div><br></div><div>since i am using vista and not XP.</div><div><br></div><div>Shouldn't this problem doesn't show in the WlanApi?</div>",
    "PostedDate": "2009-03-31T11:31:43.333-07:00",
    "UserRole": null,
    "MarkedAsAnswerDate": null
  },
  {
    "Id": "174132",
    "ThreadId": "50877",
    "Html": "Can you send me a working example for the apis?  I would really appreciate it<div><br></div><div>thanks</div>",
    "PostedDate": "2009-03-31T17:44:01.613-07:00",
    "UserRole": null,
    "MarkedAsAnswerDate": null
  },
  {
    "Id": "174138",
    "ThreadId": "50877",
    "Html": "\r\n\r\n<div class=Section1>\r\n\r\n<p class=MsoNormal><span style=\"font-size:11.0pt;font-family:'Calibri','sans-serif';color:#1F497D\">Mrabie,</span></p>\r\n\r\n<p class=MsoNormal><span style=\"font-size:11.0pt;font-family:'Calibri','sans-serif';color:#1F497D\">The code I have sent is working fine in XP and Vista. </span></p>\r\n\r\n<p class=MsoNormal><span style=\"font-size:11.0pt;font-family:'Calibri','sans-serif';color:#1F497D\"> </span></p>\r\n\r\n<p class=MsoNormal><span style=\"font-size:11.0pt;font-family:'Calibri','sans-serif';color:#1F497D\">-Raj</span></p>\r\n\r\n<p class=MsoNormal><span style=\"font-size:11.0pt;font-family:'Calibri','sans-serif';color:#1F497D\"> </span></p>\r\n\r\n<div>\r\n\r\n<div style=\"border:none;border-top:solid #B5C4DF 1.0pt;padding:3.0pt 0in 0in 0in\">\r\n\r\n<p class=MsoNormal><b><span style=\"font-size:10.0pt;font-family:'Tahoma','sans-serif'\">From:</span></b><span style=\"font-size:10.0pt;font-family:'Tahoma','sans-serif'\"> mrabie\r\n[mailto:notifications@codeplex.com] <br>\r\n<b>Sent:</b> Tuesday, March 31, 2009 5:44 PM<br>\r\n<b>To:</b> Rajashekar Gunari<br>\r\n<b>Subject:</b> Re: Win32Expection [managedwifi:50877]</span></p>\r\n\r\n</div>\r\n\r\n</div>\r\n\r\n<p class=MsoNormal> </p>\r\n\r\n<p><span style=\"font-size:9.0pt;font-family:'Verdana','sans-serif'\">From:\r\nmrabie</span></p>\r\n\r\n<div style=\"margin-bottom:24.0pt\" id=ThreadNotificationPostBody>\r\n\r\n<p class=MsoNormal><span style=\"font-size:9.0pt;font-family:'Verdana','sans-serif'\">Can\r\nyou send me a working example for the apis?  I would really appreciate it</span></p>\r\n\r\n<div>\r\n\r\n<p class=MsoNormal><span style=\"font-size:9.0pt;font-family:'Verdana','sans-serif'\"> </span></p>\r\n\r\n</div>\r\n\r\n<div>\r\n\r\n<p class=MsoNormal><span style=\"font-size:9.0pt;font-family:'Verdana','sans-serif'\">thanks</span></p>\r\n\r\n</div>\r\n\r\n</div>\r\n\r\n<div style=\"border:none;border-top:solid #CCCCCC 1.0pt;padding:0in 0in 0in 0in\" id=ThreadNotificationFooter>\r\n\r\n<p><span style=\"font-size:9.0pt;font-family:'Verdana','sans-serif';color:gray\">Read\r\nthe <a href=\"http://managedwifi.codeplex.com/Thread/View.aspx?ThreadId=50877&ANCHOR#Post174132\">full\r\ndiscussion online</a>.</span></p>\r\n\r\n<p><span style=\"font-size:9.0pt;font-family:'Verdana','sans-serif';color:gray\">To\r\nadd a post to this discussion, reply to this email (<a href=\"mailto:managedwifi@discussions.codeplex.com?subject=[managedwifi:50877]\">managedwifi@discussions.codeplex.com</a>)</span></p>\r\n\r\n<p><span style=\"font-size:9.0pt;font-family:'Verdana','sans-serif';color:gray\">To\r\nstart a new discussion for this project, email <a href=\"mailto:managedwifi@discussions.codeplex.com\">managedwifi@discussions.codeplex.com</a></span></p>\r\n\r\n<p><span style=\"font-size:9.0pt;font-family:'Verdana','sans-serif';color:gray\">You\r\nare receiving this email because you subscribed to this discussion on CodePlex.\r\nYou can <a href=\"http://www.codeplex.com/site/discussions/project/unsubscribe/managedwifi\">unsubscribe\r\nor change your settings</a> on codePlex.com.</span></p>\r\n\r\n<p><span style=\"font-size:9.0pt;font-family:'Verdana','sans-serif';color:gray\">Please\r\nnote: Images and attachments will be removed from emails. Any posts to this\r\ndiscussion will also be available online at codeplex.com</span></p>\r\n\r\n</div>\r\n\r\n</div>\r\n\r\n",
    "PostedDate": "2009-03-31T18:05:52.98-07:00",
    "UserRole": null,
    "MarkedAsAnswerDate": null
  },
  {
    "Id": "174211",
    "ThreadId": "50877",
    "Html": "I tried it and I got the errors in the previous posts.  Is this code to be used from inside my app right?  I created a windows form and called the function you sent me from the button_click(), it gave me and error of &quot;too many handels open for the server&quot; when creating a new WlanClient.<div><br></div><div>Do i need to have Vista SP1 or doesn't matter? I am currently running Vista Gold</div><div><br></div><div>Thanks a million</div>",
    "PostedDate": "2009-04-01T01:31:22.353-07:00",
    "UserRole": null,
    "MarkedAsAnswerDate": null
  }
]