[
  {
    "Id": "96151",
    "ThreadId": "28841",
    "Html": "Hello, <br>\r\n<br>\r\nCan I use this library in C# Mobile Project? <br>\r\n",
    "PostedDate": "2008-06-02T00:33:13.58-07:00",
    "UserRole": null,
    "MarkedAsAnswerDate": null
  },
  {
    "Id": "96612",
    "ThreadId": "28841",
    "Html": "I have the same question too. Are you currently working on developing a library for Windows Mobile?<br>\r\n<br>\r\nThanks<br>\r\n",
    "PostedDate": "2008-06-03T16:20:43.313-07:00",
    "UserRole": null,
    "MarkedAsAnswerDate": null
  },
  {
    "Id": "102296",
    "ThreadId": "28841",
    "Html": "Hi, <br>\r\n<br>\r\nNo. I'm looking for the library that I can use Windows Mobile 5 or 6, Nodia OS.. <br>\r\n",
    "PostedDate": "2008-07-02T18:51:15.513-07:00",
    "UserRole": null,
    "MarkedAsAnswerDate": null
  },
  {
    "Id": "173023",
    "ThreadId": "28841",
    "Html": "Hi,\r\nI also have the question whether this library can be used in my C# mobile project.\r\nHave you get the answer?\r\nPlease tell me,thanks very much!",
    "PostedDate": "2009-03-28T01:06:00.883-07:00",
    "UserRole": null,
    "MarkedAsAnswerDate": null
  }
]