[
  {
    "Id": "192737",
    "ThreadId": "57031",
    "Html": "<p>Hi All,</p>\r\n<p>I am new to this codePlex, I want to know about some Windows API which identifies WiFi adapter existence in system with-out reffering to its device name.</p>\r\n<p>Please suggest me some thing on this, which WiFi API or windows API&nbsp; I should use to detect the WiFi adapter existence.</p>\r\n<p>&nbsp;</p>\r\n<p>Regards</p>\r\n<p>kamakshi.</p>",
    "PostedDate": "2009-05-21T03:46:08.963-07:00",
    "UserRole": null,
    "MarkedAsAnswerDate": null
  }
]