[
  {
    "Id": "615353",
    "ThreadId": "258279",
    "Html": "\r\n<p>I am using Managed Wifi in our application to provide Wifi functionality to the users.</p>\r\n<p>As you may already know, one of the limitation of this library is that, windows must manage the wifi instead of 3rd party software such as Intel Wireless Pro OR Verizon Access Manager etc.,</p>\r\n<p>I was wondering if there is a way programatically (C# .Net) force the windows to manage the wifi instead of 3rd party software. I know this requires starting &quot;Wireless Zero Configuration&quot; service. But that alone is not enough, looks like, I also need to\r\n change few registry setting to let Windows manage the wifi.</p>\r\n<p>I was wondering if you guys have any suggestions to acheive this task? I appreciate any suggestions/ code samples.</p>\r\n<p>Thanks Sreeram</p>\r\n<p>&nbsp;</p>\r\n",
    "PostedDate": "2011-05-19T10:08:30.68-07:00",
    "UserRole": null,
    "MarkedAsAnswerDate": null
  }
]