[
  {
    "Id": "452417",
    "ThreadId": "215183",
    "Html": "<table>\r\n<tbody>\r\n<tr>\r\n<td>\r\n<div><span>0</span> <span title=\"This question is unclear or not useful (click again to undo)\">&nbsp;</span>\r\n<div><strong>&nbsp;</strong></div>\r\n</div>\r\n</td>\r\n<td>\r\n<div>\r\n<div>\r\n<p>I&nbsp;m devceloping a application on windows mobile..i need to exchange data between two mobiles..can u suggest me where do i find managed APIs for wi fi ..i could not find much in copmcat frame work..suggest me link</p>\r\n</div>\r\n</div>\r\n</td>\r\n</tr>\r\n</tbody>\r\n</table>",
    "PostedDate": "2010-06-07T05:24:50.627-07:00",
    "UserRole": null,
    "MarkedAsAnswerDate": null
  }
]