[
  {
    "Id": "1140598",
    "ThreadId": "476823",
    "Html": "While most users use this code with .NET applications, I just uploaded a demo in my website for Microsoft Access 2010 that makes use of this code. Using a custom made COM object this code can be accessed from Ms Access.<br />\nGo to my website <a href=\"http://xitme.com\" rel=\"nofollow\">http://xitme.com</a> and login into the member's area for details<br />\n",
    "PostedDate": "2013-12-21T16:24:58.12-08:00",
    "UserRole": null,
    "MarkedAsAnswerDate": null
  }
]