[
  {
    "Id": "256124",
    "ThreadId": "74836",
    "Html": "<p>Is this working for compact framework in windows mobile?</p>",
    "PostedDate": "2009-11-11T14:08:24.723-08:00",
    "UserRole": null,
    "MarkedAsAnswerDate": null
  },
  {
    "Id": "275314",
    "ThreadId": "74836",
    "Html": "<p>I highly doubt it. The Native Wifi API is a Windows (not WM) API.</p>",
    "PostedDate": "2010-01-10T03:54:42.35-08:00",
    "UserRole": null,
    "MarkedAsAnswerDate": null
  }
]