[
  {
    "Id": "606667",
    "ThreadId": "256201",
    "Html": "\r\n<p>Hello everybody <span title=\"Clique para obter traduções alternativas\">I</span>\r\n<span title=\"Clique para obter traduções alternativas\">need</span> <span title=\"Clique para obter traduções alternativas\">\r\nyour help</span><span title=\"Clique para obter traduções alternativas\">.</span> <span title=\"Clique para obter traduções alternativas\">\r\nI</span> <span title=\"Clique para obter traduções alternativas\">did</span> <span title=\"Clique para obter traduções alternativas\">\r\napart from the</span> <span title=\"Clique para obter traduções alternativas\">examples</span>\r\n<span title=\"Clique para obter traduções alternativas\">on CodePlex</span><span title=\"Clique para obter traduções alternativas\">,</span>\r\n<span title=\"Clique para obter traduções alternativas\">Managed</span> <span title=\"Clique para obter traduções alternativas\">\r\nWifi</span> <span title=\"Clique para obter traduções alternativas\">and wanted</span>\r\n<span title=\"Clique para obter traduções alternativas\">to get</span> <span title=\"Clique para obter traduções alternativas\">\r\nthe</span> <span title=\"Clique para obter traduções alternativas\">signal strength</span><span title=\"Clique para obter traduções alternativas\">,</span>\r\n<span title=\"Clique para obter traduções alternativas\">SSID</span> <span title=\"Clique para obter traduções alternativas\">\r\nand</span> <span title=\"Clique para obter traduções alternativas\">MAC</span> <span title=\"Clique para obter traduções alternativas\">\r\nand</span> <span title=\"Clique para obter traduções alternativas\">is</span> <span title=\"Clique para obter traduções alternativas\">\r\nalways</span> <span title=\"Clique para obter traduções alternativas\">updating</span><span title=\"Clique para obter traduções alternativas\">.</span>\r\n<span title=\"Clique para obter traduções alternativas\">But</span> <span title=\"Clique para obter traduções alternativas\">\r\nto power</span> <span title=\"Clique para obter traduções alternativas\">(</span><span title=\"Clique para obter traduções alternativas\">in</span>\r\n<span title=\"Clique para obter traduções alternativas\">dBm</span><span title=\"Clique para obter traduções alternativas\">)</span>\r\n<span title=\"Clique para obter traduções alternativas\">of the</span> <span title=\"Clique para obter traduções alternativas\">\r\nvarious</span> <span title=\"Clique para obter traduções alternativas\">APs</span> <span title=\"Clique para obter traduções alternativas\">\r\nnot</span> <span title=\"Clique para obter traduções alternativas\">I</span> <span title=\"Clique para obter traduções alternativas\">\r\nupdate regularly</span> <span title=\"Clique para obter traduções alternativas\">and</span>\r\n<span title=\"Clique para obter traduções alternativas\">I</span> <span title=\"Clique para obter traduções alternativas\">\r\ndo not know</span> <span title=\"Clique para obter traduções alternativas\">what to do</span>\r\n<span title=\"Clique para obter traduções alternativas\">someone</span> <span title=\"Clique para obter traduções alternativas\">\r\nhas</span> <span title=\"Clique para obter traduções alternativas\">a</span> <span title=\"Clique para obter traduções alternativas\">\r\nsnippet</span> <span title=\"Clique para obter traduções alternativas\">of code</span>\r\n<span title=\"Clique para obter traduções alternativas\">that</span> <span title=\"Clique para obter traduções alternativas\">\r\ndo</span> <span title=\"Clique para obter traduções alternativas\">this</span> <span title=\"Clique para obter traduções alternativas\">\r\nand</span> <span title=\"Clique para obter traduções alternativas\">potency</span> <span title=\"Clique para obter traduções alternativas\">\r\nvaries</span> <span title=\"Clique para obter traduções alternativas\">from</span> <span title=\"Clique para obter traduções alternativas\">\r\nseveral</span> <span title=\"Clique para obter traduções alternativas\">APs</span><span title=\"Clique para obter traduções alternativas\">.</span><span title=\"Clique para obter traduções alternativas\">?</span><br>\r\n<span title=\"Clique para obter traduções alternativas\">Thanks</span><span title=\"Clique para obter traduções alternativas\">.</span></p>\r\n",
    "PostedDate": "2011-05-03T13:30:50.127-07:00",
    "UserRole": null,
    "MarkedAsAnswerDate": null
  }
]