[
  {
    "Id": "180860",
    "ThreadId": "53734",
    "Html": "hello friends i am new here <br>\r\ni want to use managed native wifi to find SSID of all networks in range<br>\r\ni have downloaded the project from this website<br>\r\nbu i dont know how to use the API<br>\r\ni have installed visula studio on my laptop.<br>\r\nand i want to do project in C#.<br>\r\n<br>\r\nthank you in advance.............\r\n",
    "PostedDate": "2009-04-18T13:43:34.977-07:00",
    "UserRole": null,
    "MarkedAsAnswerDate": null
  }
]