[
  {
    "Id": "433613",
    "ThreadId": "210040",
    "Html": "Hey everyone, Hope everything is just going perfect\r\n\r\nwhen i was trying to run the example code i downloaded from examples this error appeared and i dont know what to do\r\n\r\nany help please\r\n\r\nUnable to load DLL 'wlanapi.dll': The specified module could not be found. (Exception from HRESULT: 0x8007007E)",
    "PostedDate": "2010-04-21T06:25:03.397-07:00",
    "UserRole": null,
    "MarkedAsAnswerDate": null
  },
  {
    "Id": "433655",
    "ThreadId": "210040",
    "Html": "<p>i solved this problem as windows xp sp2 doesnt support wlanapi.dll</p>\r\n<p>but i want to ask another question about this error</p>\r\n<p>the service can't be started</p>",
    "PostedDate": "2010-04-21T07:41:10.16-07:00",
    "UserRole": null,
    "MarkedAsAnswerDate": null
  },
  {
    "Id": "435011",
    "ThreadId": "210040",
    "Html": "<p>everything was solved&nbsp;successfully&nbsp;( Thx Allah )</p>",
    "PostedDate": "2010-04-24T13:13:10.37-07:00",
    "UserRole": null,
    "MarkedAsAnswerDate": null
  },
  {
    "Id": "435066",
    "ThreadId": "210040",
    "Html": "<p>i got an error says network profile is corrupted as a keytype is wrong but i have the same in the network profile xml file</p>\r\n<p>&nbsp;</p>\r\n<p>i put it on a file and readed it it made everything is alright</p>\r\n<p>&nbsp;</p>\r\n<p>but when i try to put it on string i got this error above</p>\r\n<p>&nbsp;</p>\r\n<p>hey any help from anyone unless me</p>",
    "PostedDate": "2010-04-24T16:27:49.703-07:00",
    "UserRole": null,
    "MarkedAsAnswerDate": null
  }
]