[
  {
    "Id": "174317",
    "ThreadId": "51956",
    "Html": "&nbsp;hi guys i am currently able to connect open network and can read profile name ,now i want to read all the systems connected to that network, is their any way to do this <br>\r\nthanks for any help<br>\r\n",
    "PostedDate": "2009-04-01T06:27:30.977-07:00",
    "UserRole": null,
    "MarkedAsAnswerDate": null
  },
  {
    "Id": "175866",
    "ThreadId": "51956",
    "Html": "Hello,<br>\r\n<br>\r\ni will need the same. Read all computers are connected on each AP\r\n",
    "PostedDate": "2009-04-05T12:03:29.57-07:00",
    "UserRole": null,
    "MarkedAsAnswerDate": null
  }
]