[
  {
    "Id": "1450469",
    "ThreadId": "646835",
    "Html": "Having problem with Enterprize wifi configurations.&#10;Wifi profile is created correctly using WlanSetProfile, but call of&#10;&#10;WlanSetProfileEapXmlUserData&#40;clientHandle, interfaceGuid, profileName, SetEapUserDataMode.WlanSetEaphostDataAllUsers, __userCredentials__ , IntPtr.Zero&#41;&#10;&#10;fails on some Windows 7 computers with error &#34;The network connection profile is corrupted &#34;&#10;&#10;All hotfixes&#47;updates for windows are installed.&#10;&#10;Here is example of xml of __userCredentials__&#10;&#10;&#60;&#63;xml version&#61;&#34;1.0&#34; &#63;&#62;&#10;&#60;EapHostUserCredentials xmlns&#61;&#34;http&#58;&#47;&#47;www.microsoft.com&#47;provisioning&#47;EapHostUserCredentials&#34; xmlns&#58;eapCommon&#61;&#34;http&#58;&#47;&#47;www.microsoft.com&#47;provisioning&#47;EapCommon&#34; xmlns&#58;baseEap&#61;&#34;http&#58;&#47;&#47;www.microsoft.com&#47;provisioning&#47;BaseEapMethodUserCredentials&#34;&#62;&#10;                &#60;EapMethod&#62;&#10;                                &#60;eapCommon&#58;Type&#62;25&#60;&#47;eapCommon&#58;Type&#62;&#10;                                &#60;eapCommon&#58;AuthorId&#62;0&#60;&#47;eapCommon&#58;AuthorId&#62;&#10;                &#60;&#47;EapMethod&#62;&#10;                &#60;Credentials xmlns&#58;eapUser&#61;&#34;http&#58;&#47;&#47;www.microsoft.com&#47;provisioning&#47;EapUserPropertiesV1&#34; xmlns&#58;xsi&#61;&#34;http&#58;&#47;&#47;www.w3.org&#47;2001&#47;XMLSchema-instance&#34; xmlns&#58;baseEap&#61;&#34;http&#58;&#47;&#47;www.microsoft.com&#47;provisioning&#47;BaseEapUserPropertiesV1&#34; xmlns&#58;MsPeap&#61;&#34;http&#58;&#47;&#47;www.microsoft.com&#47;provisioning&#47;MsPeapUserPropertiesV1&#34; xmlns&#58;MsChapV2&#61;&#34;http&#58;&#47;&#47;www.microsoft.com&#47;provisioning&#47;MsChapV2UserPropertiesV1&#34;&#62;&#10;                                &#60;baseEap&#58;Eap&#62;&#10;                                                &#60;baseEap&#58;Type&#62;25&#60;&#47;baseEap&#58;Type&#62;&#10;                                                &#60;MsPeap&#58;EapType&#62;&#10;                                                                &#60;MsPeap&#58;RoutingIdentity&#62;BAC56623-90B2-4602-B416-7C60E23A395C&#60;&#47;MsPeap&#58;RoutingIdentity&#62;&#10;                                                                &#60;baseEap&#58;Eap&#62;&#10;                                                                                &#60;baseEap&#58;Type&#62;26&#60;&#47;baseEap&#58;Type&#62;&#10;                                                                                &#60;MsChapV2&#58;EapType&#62;&#10;                                                                                                &#60;MsChapV2&#58;Username&#62;BAC56623-90B2-4602-B416-7C60E23A395C&#60;&#47;MsChapV2&#58;Username&#62;&#10;                                                                                                &#60;MsChapV2&#58;Password&#62;eUgtWSg6QyRLLTM4dj1TKCpdXShlajFfUF5kX1JlfC0&#61;&#60;&#47;MsChapV2&#58;Password&#62;&#10;                                                                                                &#60;MsChapV2&#58;LogonDomain&#62;&#60;&#47;MsChapV2&#58;LogonDomain&#62;&#10;                                                                                &#60;&#47;MsChapV2&#58;EapType&#62;&#10;                                                                &#60;&#47;baseEap&#58;Eap&#62;&#10;                                                &#60;&#47;MsPeap&#58;EapType&#62;&#10;                                &#60;&#47;baseEap&#58;Eap&#62;&#10;                &#60;&#47;Credentials&#62;&#10;&#60;&#47;EapHostUserCredentials&#62;&#10;&#10;Can anybody help with this&#63;&#10;",
    "PostedDate": "2015-10-30T08:18:41.01-07:00",
    "UserRole": null,
    "MarkedAsAnswerDate": null
  }
]