[
  {
    "Id": "893331",
    "ThreadId": "389629",
    "Html": "\r\n<p>Hi,</p>\r\n<p>You should add the latest version 41381 to the downloads section as the 2007 one is quite dated. Alot of the issues that were in 2007 build have been addressed in 41381</p>\r\n<p><a href=\"http://managedwifi.codeplex.com/SourceControl/list/changesets\">http://managedwifi.codeplex.com/SourceControl/list/changesets</a>#</p>\r\n<p>Cheers.</p>\r\n",
    "PostedDate": "2012-07-30T15:59:48.16-07:00",
    "UserRole": null,
    "MarkedAsAnswerDate": null
  },
  {
    "Id": "929555",
    "ThreadId": "389629",
    "Html": "<p>Indeed. :-)</p>",
    "PostedDate": "2012-10-19T11:18:25.1-07:00",
    "UserRole": null,
    "MarkedAsAnswerDate": null
  }
]