[
  {
    "Id": "836991",
    "ThreadId": "355944",
    "Html": "\r\n<p>Using function WlanSetProfileCustomUserData from <a href=\"http://msdn.microsoft.com/en-us/library/windows/desktop/ms706822(v=vs.85).aspx\">\r\nhttp://msdn.microsoft.com/en-us/library/windows/desktop/ms706822(v=vs.85).aspx</a></p>\r\n<p>The function doesn't seem to be included in the API.</p>\r\n<p>I was hoping to use the following example for credentials to a wifi profile but can't seem to work it out. Or can i include below in the WLANProfile xml? Any help is appreciated.</p>\r\n<p>&lt;?xml version=&quot;1.0&quot; ?&gt; <br>\r\n&lt;EapHostUserCredentials xmlns=&quot;http://www.microsoft.com/provisioning/EapHostUserCredentials&quot;\r\n<br>\r\n&nbsp;&nbsp; xmlns:eapCommon=&quot;http://www.microsoft.com/provisioning/EapCommon&quot; <br>\r\n&nbsp;&nbsp; xmlns:baseEap=&quot;http://www.microsoft.com/provisioning/BaseEapMethodUserCredentials&quot;&gt;<br>\r\n&nbsp;&nbsp; &lt;EapMethod&gt;<br>\r\n&nbsp;&nbsp;&nbsp;&nbsp; &lt;eapCommon:Type&gt;26&lt;/eapCommon:Type&gt; <br>\r\n&nbsp;&nbsp;&nbsp;&nbsp; &lt;eapCommon:AuthorId&gt;0&lt;/eapCommon:AuthorId&gt; <br>\r\n&nbsp;&nbsp; &lt;/EapMethod&gt;<br>\r\n&nbsp;&nbsp; &lt;Credentials xmlns:eapUser=&quot;http://www.microsoft.com/provisioning/EapUserPropertiesV1&quot;\r\n<br>\r\n&nbsp;&nbsp;&nbsp;&nbsp; xmlns:xsi=&quot;http://www.w3.org/2001/XMLSchema-instance&quot; <br>\r\n&nbsp;&nbsp;&nbsp;&nbsp; xmlns:baseEap=&quot;http://www.microsoft.com/provisioning/BaseEapUserPropertiesV1&quot;\r\n<br>\r\n&nbsp;&nbsp;&nbsp;&nbsp; xmlns:MsPeap=&quot;http://www.microsoft.com/provisioning/MsPeapUserPropertiesV1&quot;\r\n<br>\r\n&nbsp;&nbsp;&nbsp;&nbsp; xmlns:MsChapV2=&quot;http://www.microsoft.com/provisioning/MsChapV2UserPropertiesV1&quot;&gt;<br>\r\n&nbsp;&nbsp;&nbsp;&nbsp; &lt;baseEap:Eap&gt;<br>\r\n&nbsp;&nbsp;&nbsp;&nbsp;&nbsp;&nbsp; &lt;baseEap:Type&gt;26&lt;/baseEap:Type&gt; <br>\r\n&nbsp;&nbsp;&nbsp;&nbsp;&nbsp;&nbsp; &lt;MsChapV2:EapType&gt;<br>\r\n&nbsp;&nbsp;&nbsp;&nbsp;&nbsp;&nbsp;&nbsp;&nbsp; &lt;MsChapV2:Username&gt;test&lt;/MsChapV2:Username&gt;\r\n<br>\r\n&nbsp;&nbsp;&nbsp;&nbsp;&nbsp;&nbsp;&nbsp;&nbsp; &lt;MsChapV2:Password&gt;test&lt;/MsChapV2:Password&gt;\r\n<br>\r\n&nbsp;&nbsp;&nbsp;&nbsp;&nbsp;&nbsp;&nbsp;&nbsp; &lt;MsChapV2:LogonDomain&gt;ias-domain&lt;/MsChapV2:LogonDomain&gt;\r\n<br>\r\n&nbsp;&nbsp;&nbsp;&nbsp;&nbsp;&nbsp; &lt;/MsChapV2:EapType&gt;<br>\r\n&nbsp;&nbsp;&nbsp;&nbsp; &lt;/baseEap:Eap&gt;<br>\r\n&nbsp;&nbsp; &lt;/Credentials&gt;<br>\r\n&lt;/EapHostUserCredentials&gt;</p>\r\n<p>Cheers,</p>\r\n<p>Shane&nbsp;</p>\r\n",
    "PostedDate": "2012-05-15T21:07:49.51-07:00",
    "UserRole": null,
    "MarkedAsAnswerDate": null
  }
]