{
  "WorkItem": {
    "AffectedComponent": {
      "Name": "",
      "DisplayName": ""
    },
    "ClosedComment": "",
    "ClosedDate": null,
    "CommentCount": 0,
    "Custom": null,
    "Description": "Hi \n\nI have created a windows application which identifies nearby wifi connections.For accessing wifi networks i am using managed wifi project.But my issue is \n\nHow will i identify whether a wifi router has multiple channels?",
    "LastUpdatedDate": "2016-07-09T04:50:44.93-07:00",
    "PlannedForRelease": "",
    "ReleaseVisibleToPublic": false,
    "Priority": {
      "Name": "Unassigned",
      "Severity": 0,
      "Id": 0
    },
    "ProjectName": "managedwifi",
    "ReportedDate": "2016-07-09T04:50:44.93-07:00",
    "Status": {
      "Name": "Proposed",
      "Id": 1
    },
    "ReasonClosed": {
      "Name": "Unassigned"
    },
    "Summary": "How to identify the number of channels for a wifi router",
    "Type": {
      "Name": "Unassigned",
      "Id": 5
    },
    "VoteCount": 1,
    "Id": 65188
  },
  "FileAttachments": [],
  "Comments": []
}