[
  {
    "Id": 2509,
    "Title": "Add code examples"
  },
  {
    "Id": 2510,
    "Title": "Add license headers to all source files"
  },
  {
    "Id": 2511,
    "Title": "Indicate Wlan class is not intended for direct consumption"
  },
  {
    "Id": 3143,
    "Title": "Implement scanning for available networks"
  },
  {
    "Id": 3640,
    "Title": "Adding WlanGetNetworkBssList"
  },
  {
    "Id": 7135,
    "Title": "dot11CipherAlgorithm issues"
  },
  {
    "Id": 9127,
    "Title": "Example code, pls."
  },
  {
    "Id": 9885,
    "Title": "how to use GetNetworkBssList function?"
  },
  {
    "Id": 10151,
    "Title": "Problem executing the example 17201"
  },
  {
    "Id": 14284,
    "Title": "Unhandled Exception in OnWlanNotification"
  },
  {
    "Id": 14904,
    "Title": "Make WlanClient IDisposable"
  },
  {
    "Id": 14925,
    "Title": "WlanClient.WlanInterface.queueEvents is not synchronized"
  },
  {
    "Id": 16669,
    "Title": "Retrieving MAC Address"
  },
  {
    "Id": 16816,
    "Title": "No BackgroundScan in WlanInterface"
  },
  {
    "Id": 16817,
    "Title": "No BackgroundScan in WlanInterface"
  },
  {
    "Id": 16838,
    "Title": "WlanSetProfileEapXmlUserData"
  },
  {
    "Id": 19876,
    "Title": "setprofile"
  },
  {
    "Id": 21700,
    "Title": "ConnectSyncronously returns true on failure"
  },
  {
    "Id": 24355,
    "Title": "Definition for WlanConnectionNotificationData Incorrect"
  },
  {
    "Id": 24679,
    "Title": "How to conntect to ad-hoc network on another computer programatically?"
  },
  {
    "Id": 24818,
    "Title": "How to connect wifi without using following code?"
  },
  {
    "Id": 25024,
    "Title": "WlanRateSet Structure"
  },
  {
    "Id": 25887,
    "Title": "Dot11Ssid needs a StructLayout to avoid Resharper damage"
  },
  {
    "Id": 25982,
    "Title": "Win32Exception was unhandled"
  },
  {
    "Id": 25985,
    "Title": "vb.net Ambigious error for public object NotificationCode"
  },
  {
    "Id": 63443,
    "Title": "Missing PHY Types"
  },
  {
    "Id": 64825,
    "Title": "Current Nuget Package is not strong name signed"
  },
  {
    "Id": 64826,
    "Title": "Current Nuget Package v1.1 ships assembly v1.0"
  },
  {
    "Id": 65080,
    "Title": "Ported to VB.NET..1 Error"
  },
  {
    "Id": 65187,
    "Title": "Network List not showing correctly"
  },
  {
    "Id": 65188,
    "Title": "How to identify the number of channels for a wifi router"
  },
  {
    "Id": 65902,
    "Title": "signal strength?"
  }
]