{
  "WorkItem": {
    "AffectedComponent": {
      "Name": "",
      "DisplayName": ""
    },
    "ClosedComment": "",
    "ClosedDate": null,
    "CommentCount": 0,
    "Custom": null,
    "Description": "The current nuget package at https://www.nuget.org/packages/managedwifi/ is not strong name key signed.\nThis does not allow one to use it in a project, where strong naming is necessary.\n\nPlease sign the nuget package.",
    "LastUpdatedDate": "2015-09-29T05:16:00.717-07:00",
    "PlannedForRelease": "",
    "ReleaseVisibleToPublic": false,
    "Priority": {
      "Name": "Unassigned",
      "Severity": 0,
      "Id": 0
    },
    "ProjectName": "managedwifi",
    "ReportedDate": "2015-09-29T05:16:00.717-07:00",
    "Status": {
      "Name": "Proposed",
      "Id": 1
    },
    "ReasonClosed": {
      "Name": "Unassigned"
    },
    "Summary": "Current Nuget Package is not strong name signed",
    "Type": {
      "Name": "Unassigned",
      "Id": 5
    },
    "VoteCount": 1,
    "Id": 64825
  },
  "FileAttachments": [],
  "Comments": []
}