{
  "WorkItem": {
    "AffectedComponent": {
      "Name": "",
      "DisplayName": ""
    },
    "ClosedComment": "",
    "ClosedDate": null,
    "CommentCount": 0,
    "Custom": null,
    "Description": "The definition for strProfileName has the size set to 32, it should be 256.",
    "LastUpdatedDate": "2015-02-22T09:27:38.117-08:00",
    "PlannedForRelease": "",
    "ReleaseVisibleToPublic": false,
    "Priority": {
      "Name": "Unassigned",
      "Severity": 0,
      "Id": 0
    },
    "ProjectName": "managedwifi",
    "ReportedDate": "2013-06-01T23:39:59.757-07:00",
    "Status": {
      "Name": "Proposed",
      "Id": 1
    },
    "ReasonClosed": {
      "Name": "Unassigned"
    },
    "Summary": "Definition for WlanConnectionNotificationData Incorrect",
    "Type": {
      "Name": "Unassigned",
      "Id": 5
    },
    "VoteCount": 1,
    "Id": 24355
  },
  "FileAttachments": [],
  "Comments": [
    {
      "Message": "Are you referring to the definition of \"public string profileName\" in the \"public struct WlanConectionNotificationData\" in Interop.cs?\r\n\r\nThanks!",
      "PostedDate": "2015-02-22T09:27:38.117-08:00",
      "Id": -2147483648
    }
  ]
}