{
  "WorkItem": {
    "AffectedComponent": {
      "Name": "",
      "DisplayName": ""
    },
    "ClosedComment": "",
    "ClosedDate": null,
    "CommentCount": 0,
    "Custom": null,
    "Description": "Please add same like Autoconf but with use of BackgroundScanEnabled.\n \nSince SetInterfaceInt/GetInterfaceInt are private , it is needed to make properties for all flags...",
    "LastUpdatedDate": "2013-02-21T16:44:44.863-08:00",
    "PlannedForRelease": "",
    "ReleaseVisibleToPublic": false,
    "Priority": {
      "Name": "Low",
      "Severity": 50,
      "Id": 1
    },
    "ProjectName": "managedwifi",
    "ReportedDate": "2010-03-17T02:05:52.76-07:00",
    "Status": {
      "Name": "Proposed",
      "Id": 1
    },
    "ReasonClosed": {
      "Name": "Unassigned"
    },
    "Summary": "No BackgroundScan in WlanInterface",
    "Type": {
      "Name": "Issue",
      "Id": 3
    },
    "VoteCount": 1,
    "Id": 16816
  },
  "FileAttachments": [],
  "Comments": []
}