{
  "WorkItem": {
    "AffectedComponent": {
      "Name": "",
      "DisplayName": ""
    },
    "ClosedComment": "",
    "ClosedDate": null,
    "CommentCount": 0,
    "Custom": null,
    "Description": "Any thought to adding the call WlanGetNetworkBssList?\n \nThanks\nKen",
    "LastUpdatedDate": "2013-06-14T00:29:03.89-07:00",
    "PlannedForRelease": "",
    "ReleaseVisibleToPublic": false,
    "Priority": {
      "Name": "Low",
      "Severity": 50,
      "Id": 1
    },
    "ProjectName": "managedwifi",
    "ReportedDate": "2007-07-26T10:23:24.223-07:00",
    "Status": {
      "Name": "Resolved",
      "Id": 7
    },
    "ReasonClosed": {
      "Name": "Unassigned"
    },
    "Summary": "Adding WlanGetNetworkBssList",
    "Type": {
      "Name": "Feature",
      "Id": 1
    },
    "VoteCount": 3,
    "Id": 3640
  },
  "FileAttachments": [],
  "Comments": [
    {
      "Message": "Fixed in code repository. Will be in the next release.",
      "PostedDate": "2007-10-14T09:45:26.82-07:00",
      "Id": -2147483648
    },
    {
      "Message": "",
      "PostedDate": "2007-10-14T09:45:28.337-07:00",
      "Id": -2147483648
    },
    {
      "Message": "",
      "PostedDate": "2013-02-21T16:44:46.347-08:00",
      "Id": -2147483648
    },
    {
      "Message": "",
      "PostedDate": "2013-05-16T04:23:20.507-07:00",
      "Id": -2147483648
    },
    {
      "Message": "",
      "PostedDate": "2013-05-16T04:23:20.63-07:00",
      "Id": -2147483648
    },
    {
      "Message": "",
      "PostedDate": "2013-06-14T00:29:03.89-07:00",
      "Id": -2147483648
    }
  ]
}