{
  "WorkItem": {
    "AffectedComponent": {
      "Name": "",
      "DisplayName": ""
    },
    "ClosedComment": "",
    "ClosedDate": null,
    "CommentCount": 0,
    "Custom": null,
    "Description": "In wlanapi.cs , the execution halted at this (line 634).\n \nWlan.ThrowIfError(\n\t\t\t\tWlan.WlanOpenHandle(Wlan.WLAN_CLIENT_VERSION_XP_SP2, IntPtr.Zero, out negotiatedVersion, out clientHandle));\n \nThanks",
    "LastUpdatedDate": "2013-02-21T16:44:45.643-08:00",
    "PlannedForRelease": "",
    "ReleaseVisibleToPublic": false,
    "Priority": {
      "Name": "Low",
      "Severity": 50,
      "Id": 1
    },
    "ProjectName": "managedwifi",
    "ReportedDate": "2008-05-08T10:13:02.83-07:00",
    "Status": {
      "Name": "Proposed",
      "Id": 1
    },
    "ReasonClosed": {
      "Name": "Unassigned"
    },
    "Summary": "Problem executing the example 17201",
    "Type": {
      "Name": "Issue",
      "Id": 3
    },
    "VoteCount": 2,
    "Id": 10151
  },
  "FileAttachments": [],
  "Comments": []
}